Epochs,Accuracy,Accuracy Std,F1,F1 Std,AUROC,AUROC Std
100,0.6356434701729168,0.02488792006633579,0.5228202465424178,0.10000929236834251,0.7092821553369011,0.027176586139497038
