Epochs,Accuracy,Accuracy Std,F1,F1 Std,AUROC,AUROC Std
100,0.649684146763586,0.027645258025578285,0.7818281393541093,0.030191111405838546,0.4834104938271605,0.02873386756383555
