Epochs,Accuracy,Accuracy Std,F1,F1 Std,AUROC,AUROC Std
100,0.6079525787469713,0.031563237606459155,0.4377678808673852,0.09206597977610095,0.6259859961985689,0.03004593921644265
