Epochs,Accuracy,Accuracy Std,F1,F1 Std,AUROC,AUROC Std
10,0.626557632398754,0.03911849867972311,0.5377545031227999,0.054829974540001665,0.6374385062611807,0.040254864517972666
