Epochs,Accuracy,Accuracy Std,F1,F1 Std,AUROC,AUROC Std
10,0.8500420165681548,0.00012633360019531636,0.0,0.0,0.7039644574409287,0.013084902387073117
