Epochs,Accuracy,Accuracy Std,F1,F1 Std,AUROC,AUROC Std
350,0.7931805406510297,0.01185569824619843,0.8755454859492173,0.008046487355095786,0.743706173847315,0.012672233254884178
