{
  "config": {
    "embed_dim": 1024,
    "batch_size": 64,
    "lr": 9.532217691034246e-05,
    "token_level": 1,
    "A": 0.002519429604605979,
    "B": 0.018669275083070834,
    "lam": 0.05
  },
  "metrics": {
    "accuracy": 0.7944403279563481,
    "f1": 0.8772370914961447,
    "auroc": 0.7389477858254211
  }
}