{
  "config": {
    "embed_dim": 512,
    "batch_size": 64,
    "lr": 1.4513295579316688e-05,
    "token_level": 8,
    "A": 0.015821000184343813,
    "B": 0.03099967774505387,
    "lam": 0.0
  },
  "metrics": {
    "accuracy": 0.8795274271665502,
    "f1": 0.24246003280444775,
    "auroc": 0.7920454541282991
  }
}